ID	Assay	OlinkID	PT_ACC	Panel	SPOT_ID
1	AARSD1	OID21311	Q9BTE6	Oncology	
2	ABHD14B	OID20921	Q96IU4	Neurology	
3	ABL1	OID21280	P00519	Oncology	
4	ACAA1	OID21269	P09110	Oncology	
5	ACAN	OID20159	P16112	Cardiometabolic	
6	ACE2	OID20105	Q9BYF1	Cardiometabolic	
7	ACOX1	OID20124	Q15067	Cardiometabolic	
8	ACP5	OID20314	P13686	Cardiometabolic	
9	ACP6	OID21432	Q9NPH0	Oncology	
10	ACTA2	OID20079	P62736	Cardiometabolic	
11	ACTN4	OID20435	O43707	Inflammation	
12	ACVRL1	OID20999	P37023	Neurology	
13	ACY1	OID20137	Q03154	Cardiometabolic	
14	ADA	OID20645	P00813	Inflammation	
15	ADA2	OID20394	Q9NZK5	Cardiometabolic	
16	ADAM15	OID20109	Q13444	Cardiometabolic	
17	ADAM22	OID21001	Q9P0K1	Neurology	
18	ADAM23	OID20651	O75077	Inflammation	
19	ADAM8	OID21039	P78325	Neurology	
20	ADAMTS13	OID20249	Q76LX8	Cardiometabolic	
21	ADAMTS15	OID21275	Q8TE58	Oncology	
22	ADAMTS16	OID20089	Q8TE57	Cardiometabolic	
23	ADAMTS8	OID21502	Q9UP79	Oncology	
24	ADCYAP1R1	OID21188	P41586	Oncology	
25	ADGRB3	OID20974	O60242	Neurology	
26	ADGRE2	OID20755	Q9UHX3	Inflammation	
27	ADGRG1	OID21294	Q9Y653	Oncology	
28	ADGRG2	OID20189	Q8IZP9	Cardiometabolic	
29	ADH4	OID20117	P08319	Cardiometabolic	
30	ADM	OID21467	P35318	Oncology	
31	AFP	OID20978	P02771	Neurology	
32	AGER	OID20756	Q15109	Inflammation	
33	AGR2	OID20896	O95994	Neurology	
34	AGR3	OID21243	Q8TD06	Oncology	
35	AGRN	OID20786	O00468	Inflammation	
36	AGRP	OID20658	O00253	Inflammation	
37	AGXT	OID20139	P21549	Cardiometabolic	
38	AHCY	OID20199	P23526	Cardiometabolic	
39	AHSP	OID21078	Q9NZD4	Neurology	
40	AIF1	OID21234	P55008	Oncology	
41	AIFM1	OID21287	O95831	Oncology	
42	AK1	OID20122	P00568	Cardiometabolic	
43	AKR1B1	OID21244	P15121	Oncology	
44	AKR1C4	OID20062	P17516	Cardiometabolic	
45	AKT1S1	OID20895	Q96B36	Neurology	
46	AKT3	OID21197	Q9Y243	Oncology	
47	ALCAM	OID20273	Q13740	Cardiometabolic	
48	ALDH1A1	OID21128	P00352	Neurology	
49	ALDH3A1	OID20512	P30838	Inflammation	
50	ALPP	OID21383	P05187	Oncology	
51	AMBN	OID20437	Q9NP70	Inflammation	
52	AMBP	OID21413	P02760	Oncology	
53	AMFR	OID20806	Q9UKV5	Neurology	
54	AMIGO2	OID21370	Q86SJ2	Oncology	
55	AMN	OID20492	Q9BXJ7	Inflammation	
56	AMY2A	OID20333	P04746	Cardiometabolic	
57	AMY2B	OID20340	P19961	Cardiometabolic	
58	ANG	OID20403	P03950	Cardiometabolic	
59	ANGPT1	OID20740	Q15389	Inflammation	
60	ANGPT2	OID21463	O15123	Oncology	
61	ANGPTL1	OID20211	O95841	Cardiometabolic	
62	ANGPTL2	OID20726	Q9UKU9	Inflammation	
63	ANGPTL3	OID20407	Q9Y5C1	Cardiometabolic	
64	ANGPTL4	OID20703	Q9BY76	Inflammation	
65	ANGPTL7	OID21412	O43827	Oncology	
66	ANKRD54	OID21162	Q6NXT1	Oncology	
67	ANPEP	OID20350	P15144	Cardiometabolic	
68	ANXA10	OID20886	Q9UJ72	Neurology	
69	ANXA11	OID20583	P50995	Inflammation	
70	ANXA3	OID21036	P12429	Neurology	
71	ANXA4	OID20123	P09525	Cardiometabolic	
72	ANXA5	OID20810	P08758	Neurology	
73	AOC1	OID20452	P19801	Inflammation	
74	AOC3	OID20389	Q16853	Cardiometabolic	
75	APBB1IP	OID21359	Q7Z5R6	Oncology	
76	APEX1	OID21434	P27695	Oncology	
77	APLP1	OID20164	P51693	Cardiometabolic	
78	APOH	OID21072	P02749	Neurology	
79	APOM	OID20374	O95445	Cardiometabolic	
80	APP	OID21070	P05067	Neurology	
81	APRT	OID20927	P07741	Neurology	
82	AREG	OID21357	P15514	Oncology	
83	ARG1	OID21445	P05089	Oncology	
84	ARHGAP1	OID21202	Q07960	Oncology	
85	ARHGAP25	OID21255	P42331	Oncology	
86	ARHGEF12	OID20554	Q9NZN5	Inflammation	
87	ARID4B	OID20803	Q4LE39	Neurology	
88	ARNT	OID20432	P27540	Inflammation	
89	ARSA	OID21138	P15289	Neurology	
90	ARSB	OID21331	P15848	Oncology	
91	ART3	OID20346	Q13508	Cardiometabolic	
92	ARTN	OID20446	Q5T4W7	Inflammation	
93	ASAH2	OID20996	Q9NR71	Neurology	
94	ASGR1	OID20990	P07306	Neurology	
95	ATF2	OID20798	P15336	Neurology	
96	ATG4A	OID21246	Q8WYN0	Oncology	
97	ATOX1	OID21476	O00244	Oncology	
98	ATP5IF1	OID20760	Q9UII2	Inflammation	
99	ATP5PO	OID20811	P48047	Neurology	
100	ATP6AP2	OID21178	O75787	Oncology	
101	ATP6V1D	OID21341	Q9Y5K8	Oncology	
102	ATP6V1F	OID20843	Q16864	Neurology	
103	ATXN10	OID20865	Q9UBB4	Neurology	
104	AXIN1	OID20582	O15169	Inflammation	
105	AXL	OID20363	P30530	Cardiometabolic	
106	AZU1	OID20309	P20160	Cardiometabolic	
107	B4GALT1	OID20780	P15291	Inflammation	
108	B4GAT1	OID21127	O43505	Neurology	
109	BACH1	OID20505	O14867	Inflammation	
110	BAG3	OID20972	O95817	Neurology	
111	BAG6	OID20114	P46379	Cardiometabolic	
112	BAIAP2	OID21250	Q9UQB8	Oncology	
113	BAMBI	OID21267	Q13145	Oncology	
114	BANK1	OID20594	Q8NDB2	Inflammation	
115	BAX	OID20856	Q07812	Neurology	
116	BCAM	OID21076	P50895	Neurology	
117	BCAN	OID20998	Q96GW7	Neurology	
118	BCL2L11	OID20513		Inflammation	O43521-2
119	BCR	OID20558	P11274	Inflammation	
120	BGN	OID21198	P21810	Oncology	
121	BID	OID20517	P55957	Inflammation	
122	BIN2	OID21067	Q9UBW5	Neurology	
123	BIRC2	OID21217	Q13490	Oncology	
124	BLMH	OID20336	Q13867	Cardiometabolic	
125	BLVRB	OID21141	P30043	Neurology	
126	BMP4	OID20994	P12644	Neurology	
127	BMP6	OID20111	P22004	Cardiometabolic	
128	BOC	OID20116	Q9BWV1	Cardiometabolic	
129	BPIFB1	OID20308	Q8TDL5	Cardiometabolic	
130	BRK1	OID20883	Q8WUW1	Neurology	
131	BSG	OID20626	P35613	Inflammation	
132	BST1	OID21051	Q10588	Neurology	
133	BST2	OID21029	Q10589	Neurology	
134	BTC	OID21199	P35070	Oncology	
135	BTN2A1	OID20713	Q7KYR7	Inflammation	
136	BTN3A2	OID20540	P78410	Inflammation	
137	C19orf12	OID20804	Q9NSK7	Neurology	
138	C1QA	OID20654	P02745	Inflammation	
139	C1QTNF1	OID20367	Q9BXJ1	Cardiometabolic	
140	C2	OID20410	P06681	Cardiometabolic	
141	C2CD2L	OID20864	O14523	Neurology	
142	C4BPB	OID21481	P20851	Oncology	
143	CA1	OID20409	P00915	Cardiometabolic	
144	CA11	OID21195	O75493	Oncology	
145	CA12	OID21344	O43570	Oncology	
146	CA13	OID20225	Q8N1Q1	Cardiometabolic	
147	CA14	OID21401	Q9ULX7	Oncology	
148	CA2	OID21149	P00918	Neurology	
149	CA3	OID20271	P07451	Cardiometabolic	
150	CA4	OID20241	P22748	Cardiometabolic	
151	CA5A	OID20075	P35218	Cardiometabolic	
152	CA6	OID21096	P23280	Neurology	
153	CA9	OID21417	Q16790	Oncology	
154	CALB1	OID21306	P05937	Oncology	
155	CALB2	OID20801	P22676	Neurology	
156	CALCA	OID20983	P01258	Neurology	
157	CALCOCO1	OID21387	Q9P1Z2	Oncology	
158	CAMKK1	OID21182	Q8N5S9	Oncology	
159	CANT1	OID20181	Q8WVQ1	Cardiometabolic	
160	CAPG	OID21431	P40121	Oncology	
161	CARHSP1	OID20859	Q9Y2V2	Neurology	
162	CASC4	OID21044	Q6P4E1	Neurology	
163	CASP1	OID20854	P29466	Neurology	
164	CASP10	OID20893	Q92851	Neurology	
165	CASP2	OID20555	P42575	Inflammation	
166	CASP3	OID20305	P42574	Cardiometabolic	
167	CASP8	OID21414	Q14790	Oncology	
168	CBLIF	OID20179	P27352	Cardiometabolic	
169	CBLN4	OID21386	Q9NTU7	Oncology	
170	CC2D1A	OID20958	Q6P1N0	Neurology	
171	CCDC80	OID20226	Q76M96	Cardiometabolic	
172	CCL11	OID20668	P51671	Inflammation	
173	CCL13	OID20655	Q99616	Inflammation	
174	CCL14	OID20401	Q16627	Cardiometabolic	
175	CCL15	OID20328	Q16663	Cardiometabolic	
176	CCL16	OID20334	O15467	Cardiometabolic	
177	CCL17	OID20745	Q92583	Inflammation	
178	CCL18	OID20395	P55774	Cardiometabolic	
179	CCL19	OID21030	Q99731	Neurology	
180	CCL2	OID21004	P13500	Neurology	
181	CCL20	OID20671	P78556	Inflammation	
182	CCL21	OID20686	O00585	Inflammation	
183	CCL22	OID20765	O00626	Inflammation	
184	CCL23	OID20693	P55773	Inflammation	
185	CCL24	OID20772	O00175	Inflammation	
186	CCL25	OID20674	O15444	Inflammation	
187	CCL26	OID20546	Q9Y258	Inflammation	
188	CCL27	OID20121	Q9Y4X3	Cardiometabolic	
189	CCL28	OID20569	Q9NRJ3	Inflammation	
190	CCL3	OID20610	P10147	Inflammation	
191	CCL4	OID20695	P13236	Inflammation	
192	CCL5	OID20412	P13501	Cardiometabolic	
193	CCL7	OID20523	P80098	Inflammation	
194	CCL8	OID21466	P80075	Oncology	
195	CCN1	OID21368	O00622	Oncology	
196	CCN2	OID20709	P29279	Inflammation	
197	CCN3	OID20299	P48745	Cardiometabolic	
198	CCS	OID20973	O14618	Neurology	
199	CCT5	OID21200	P48643	Oncology	
200	CD109	OID21108	Q6YHK3	Neurology	
201	CD14	OID20378	P08571	Cardiometabolic	
202	CD160	OID20647	O95971	Inflammation	
203	CD163	OID20360	Q86VB7	Cardiometabolic	
204	CD164	OID21080	Q04900	Neurology	
205	CD177	OID21119	Q8N6Q3	Neurology	
206	CD1C	OID21483	P29017	Oncology	
207	CD200	OID20603	P41217	Inflammation	
208	CD200R1	OID20595	Q8TD46	Inflammation	
209	CD207	OID21298	Q9UJ71	Oncology	
210	CD209	OID20262	Q9NNX6	Cardiometabolic	
211	CD22	OID20637	P20273	Inflammation	
212	CD244	OID20628	Q9BZW8	Inflammation	
213	CD27	OID21527	P26842	Oncology	
214	CD274	OID20966	Q9NZQ7	Neurology	
215	CD276	OID20680	Q5ZPR3	Inflammation	
216	CD28	OID21265	P10747	Oncology	
217	CD2AP	OID20177	Q9Y5K6	Cardiometabolic	
218	CD300C	OID21010	Q08708	Neurology	
219	CD300E	OID21418	Q496F6	Oncology	
220	CD300LF	OID21469	Q8TDQ1	Oncology	
221	CD300LG	OID21130	Q6UXG3	Neurology	
222	CD302	OID21328	Q8IX05	Oncology	
223	CD33	OID21472	P20138	Oncology	
224	CD34	OID21025	P28906	Neurology	
225	CD38	OID21316	P28907	Oncology	
226	CD4	OID20584	P01730	Inflammation	
227	CD40	OID20724	P25942	Inflammation	
228	CD40LG	OID20616	P29965	Inflammation	
229	CD46	OID20380	P15529	Cardiometabolic	
230	CD48	OID20692	P09326	Inflammation	
231	CD5	OID21449	P06127	Oncology	
232	CD55	OID20377	P08174	Cardiometabolic	
233	CD58	OID20716	P19256	Inflammation	
234	CD59	OID20339	P13987	Cardiometabolic	
235	CD6	OID20649	P30203	Inflammation	
236	CD63	OID20988	P08962	Neurology	
237	CD69	OID20206	Q07108	Cardiometabolic	
238	CD70	OID20599	P32970	Inflammation	
239	CD74	OID21040	P04233	Neurology	
240	CD79B	OID20635	P40259	Inflammation	
241	CD83	OID20565	Q01151	Inflammation	
242	CD84	OID20607	Q9UIB8	Inflammation	
243	CD8A	OID21018	P01732	Neurology	
244	CD93	OID20397	Q9NPY3	Cardiometabolic	
245	CD97	OID20260	P48960	Cardiometabolic	
246	CD99	OID21110	P14209	Neurology	
247	CD99L2	OID21122	Q8TCZ2	Neurology	
248	CDC27	OID21238	P30260	Oncology	
249	CDC37	OID21470	Q16543	Oncology	
250	CDCP1	OID20940	Q9H5V8	Neurology	
251	CDH1	OID20353	P12830	Cardiometabolic	
252	CDH15	OID21005	P55291	Neurology	
253	CDH17	OID20134	Q12864	Cardiometabolic	
254	CDH2	OID20170	P19022	Cardiometabolic	
255	CDH3	OID21008	P22223	Neurology	
256	CDH5	OID20243	P33151	Cardiometabolic	
257	CDH6	OID20157	P55285	Cardiometabolic	
258	CDHR1	OID20808	Q96JP9	Neurology	
259	CDHR2	OID21282	Q9BYE9	Oncology	
260	CDHR5	OID20193	Q9HBB8	Cardiometabolic	
261	CDKN1A	OID21319	P38936	Oncology	
262	CDKN2D	OID21295	P55273	Oncology	
263	CDNF	OID21318	Q49AH0	Oncology	
264	CDON	OID20754	Q4KMG0	Inflammation	
265	CDSN	OID20667	Q15517	Inflammation	
266	CEACAM1	OID21528	P13688	Oncology	
267	CEACAM21	OID20548	Q3KPI0	Inflammation	
268	CEACAM3	OID21245	P40198	Oncology	
269	CEACAM5	OID21171	P06731	Oncology	
270	CEACAM8	OID20102	P31997	Cardiometabolic	
271	CEBPB	OID20052	P17676	Cardiometabolic	
272	CELA3A	OID20298	P09093	Cardiometabolic	
273	CEP164	OID20441	Q9UPV0	Inflammation	
274	CEP85	OID21241	Q6P2H3	Oncology	
275	CERT	OID20857	Q9Y5P4	Neurology	
276	CES1	OID20244	P23141	Cardiometabolic	
277	CES2	OID21366	O00748	Oncology	
278	CES3	OID21340	Q6UWW8	Oncology	
279	CETN2	OID20836	P41208	Neurology	
280	CFC1	OID21261	P0CG37	Oncology	
281	CGA	OID21069	P01215	Neurology	
282	CGREF1	OID20152	Q99674	Cardiometabolic	
283	CHAC2	OID21230	Q8WUX2	Oncology	
284	CHEK2	OID20054	O96017	Cardiometabolic	
285	CHGB	OID21038	P05060	Neurology	
286	CHI3L1	OID20399	P36222	Cardiometabolic	
287	CHIT1	OID20312	Q13231	Cardiometabolic	
288	CHL1	OID20366	O00533	Cardiometabolic	
289	CHMP1A	OID20930	Q9HD42	Neurology	
290	CHRDL1	OID20771	Q9BU40	Inflammation	
291	CHRDL2	OID20223	Q6WN34	Cardiometabolic	
292	CIAPIN1	OID21501	Q6FI81	Oncology	
293	CKAP4	OID20617	Q07065	Inflammation	
294	CKMT1A_CKMT1B	OID20721	P12532	Inflammation	
295	CLC	OID20126	Q05315	Cardiometabolic	
296	CLEC10A	OID20928	Q8IUN9	Neurology	
297	CLEC11A	OID21112	Q9Y240	Neurology	
298	CLEC14A	OID21090	Q86T13	Neurology	
299	CLEC1A	OID20099	Q8NC01	Cardiometabolic	
300	CLEC1B	OID21061	Q9P126	Neurology	
301	CLEC4A	OID20573	Q9UMR7	Inflammation	
302	CLEC4C	OID20547	Q8WTT0	Inflammation	
303	CLEC4D	OID20609	Q8WXI8	Inflammation	
304	CLEC4G	OID20590	Q6UXB4	Inflammation	
305	CLEC5A	OID20165	Q9NY25	Cardiometabolic	
306	CLEC6A	OID21228	Q6EIG7	Oncology	
307	CLEC7A	OID20636	Q9BXN2	Inflammation	
308	CLIP2	OID20559	Q9UDT6	Inflammation	
309	CLMP	OID21419	Q9H6B4	Oncology	
310	CLPP	OID20910	Q16740	Neurology	
311	CLPS	OID21156	P04118	Neurology	
312	CLSPN	OID20831	Q9HAW4	Neurology	
313	CLSTN1	OID20874	O94985	Neurology	
314	CLSTN2	OID20664	Q9H4D0	Inflammation	
315	CLTA	OID20118	P09496	Cardiometabolic	
316	CLUL1	OID20198	Q15846	Cardiometabolic	
317	CNDP1	OID20347	Q96KN2	Cardiometabolic	
318	CNPY2	OID20069	Q9Y2B0	Cardiometabolic	
319	CNPY4	OID21317	Q8N129	Oncology	
320	CNST	OID20127	Q6PJW8	Cardiometabolic	
321	CNTN1	OID20307	Q12860	Cardiometabolic	
322	CNTN2	OID21426	Q02246	Oncology	
323	CNTN3	OID21092	Q9P232	Neurology	
324	CNTN4	OID21117	Q8IWV2	Neurology	
325	CNTN5	OID21006	O94779	Neurology	
326	CNTNAP2	OID20556	Q9UHC6	Inflammation	
327	COL18A1	OID20332	P39060	Cardiometabolic	
328	COL1A1	OID20335	P02452	Cardiometabolic	
329	COL4A1	OID20208	P02462	Cardiometabolic	
330	COL6A3	OID20292	P12111	Cardiometabolic	
331	COL9A1	OID20550	P20849	Inflammation	
332	COLEC12	OID20738	Q5KU26	Inflammation	
333	COMP	OID20405	P49747	Cardiometabolic	
334	COMT	OID20086	P21964	Cardiometabolic	
335	COPE	OID20797	O14579	Neurology	
336	CORO1A	OID20286	P31146	Cardiometabolic	
337	COX5B	OID21297	P10606	Oncology	
338	CPA1	OID20280	P15085	Cardiometabolic	
339	CPA2	OID21060	P48052	Neurology	
340	CPB1	OID20289	P15086	Cardiometabolic	
341	CPE	OID21392	P16870	Oncology	
342	CPM	OID21054	P14384	Neurology	
343	CPPED1	OID21053	Q9BRF8	Neurology	
344	CPVL	OID21435	Q9H3G5	Oncology	
345	CPXM1	OID21479	Q96SM3	Oncology	
346	CR2	OID20393	P20023	Cardiometabolic	
347	CRACR2A	OID21249	Q9BSW2	Oncology	
348	CRADD	OID20923	P78560	Neurology	
349	CREG1	OID21515	O75629	Oncology	
350	CRELD2	OID20751	Q6UXH1	Inflammation	
351	CRH	OID21257	P06850	Oncology	
352	CRHBP	OID20747	P24387	Inflammation	
353	CRHR1	OID20055	P34998	Cardiometabolic	
354	CRIM1	OID20701	Q9NZV1	Inflammation	
355	CRIP2	OID20901	P52943	Neurology	
356	CRISP2	OID21456	P16562	Oncology	
357	CRKL	OID20742	P46109	Inflammation	
358	CRLF1	OID20699	O75462	Inflammation	
359	CRNN	OID21427	Q9UBG3	Oncology	
360	CRTAC1	OID20279	Q9NQ79	Cardiometabolic	
361	CRTAM	OID20914	O95727	Neurology	
362	CRX	OID20070	O43186	Cardiometabolic	
363	CSF1	OID20719	P09603	Inflammation	
364	CSF2RA	OID20915	P15509	Neurology	
365	CSF3	OID20491	P09919	Inflammation	
366	CST3	OID20400	P01034	Cardiometabolic	
367	CST5	OID20995	P28325	Neurology	
368	CST6	OID20293	Q15828	Cardiometabolic	
369	CST7	OID20704	O76096	Inflammation	
370	CSTB	OID20294	P04080	Cardiometabolic	
371	CTF1	OID20061	Q16619	Cardiometabolic	
372	CTRB1	OID21150	P17538	Neurology	
373	CTRC	OID20752	Q99895	Inflammation	
374	CTSB	OID20276	P07858	Cardiometabolic	
375	CTSC	OID20679	P53634	Inflammation	
376	CTSD	OID20358	P07339	Cardiometabolic	
377	CTSF	OID21500	Q9UBX1	Oncology	
378	CTSH	OID20113	P09668	Cardiometabolic	
379	CTSL	OID20228	P07711	Cardiometabolic	
380	CTSO	OID20660	P43234	Inflammation	
381	CTSS	OID21056	P25774	Neurology	
382	CTSV	OID21405	O60911	Oncology	
383	CTSZ	OID20365	Q9UBR2	Cardiometabolic	
384	CX3CL1	OID20976	P78423	Neurology	
385	CXADR	OID20561	P78310	Inflammation	
386	CXCL1	OID20762	P09341	Inflammation	
387	CXCL10	OID20697	P02778	Inflammation	
388	CXCL11	OID21042	O14625	Neurology	
389	CXCL12	OID20464	P48061	Inflammation	
390	CXCL13	OID21024	O43927	Neurology	
391	CXCL14	OID20458	O95715	Inflammation	
392	CXCL16	OID20282	Q9H2A7	Cardiometabolic	
393	CXCL17	OID20622	Q6UXB2	Inflammation	
394	CXCL3	OID20788	P19876	Inflammation	
395	CXCL5	OID20207	P42830	Cardiometabolic	
396	CXCL6	OID20613	P80162	Inflammation	
397	CXCL8	OID20153	P10145	Cardiometabolic	
398	CXCL9	OID20675	Q07325	Inflammation	
399	DAB2	OID21428	P98082	Oncology	
400	DAG1	OID20774	Q14118	Inflammation	
401	DAPP1	OID20524	Q9UN19	Inflammation	
402	DARS	OID20903	P14868	Neurology	
403	DBI	OID21143	P07108	Neurology	
404	DBNL	OID20681	Q9UJU6	Inflammation	
405	DCBLD2	OID21474	Q96PD2	Oncology	
406	DCN	OID20106	P07585	Cardiometabolic	
407	DCTN1	OID21399	Q14203	Oncology	
408	DCTN2	OID21334	Q13561	Oncology	
409	DCTN6	OID20879	O00399	Neurology	
410	DCTPP1	OID20148	Q9H773	Cardiometabolic	
411	DCXR	OID21480	Q7Z4W1	Oncology	
412	DDAH1	OID21299	O94760	Oncology	
413	DDC	OID20215	P20711	Cardiometabolic	
414	DDR1	OID21009	Q08345	Neurology	
415	DDX58	OID21226	O95786	Oncology	
416	DECR1	OID20579	Q16698	Inflammation	
417	DEFA1_DEFA1B	OID20344	P59665	Cardiometabolic	
418	DEFB4A_DEFB4B	OID21373	O15263	Oncology	
419	DFFA	OID20620	O00273	Inflammation	
420	DGKZ	OID20466	Q13574	Inflammation	
421	DIABLO	OID20184	Q9NR28	Cardiometabolic	
422	DKK1				DKK1
423	DKK3				DKK3
424	DKK4				DKK4
425	DKKL1	OID21313	Q9UK85	Oncology	
426	DLK1	OID20295	P80370	Cardiometabolic	
427	DLL1	OID21525	O00548	Oncology	
428	DNAJA2	OID20627	O60884	Inflammation	
429	DNAJB1	OID21363	P25685	Oncology	
430	DNAJB8	OID20093	Q8NHS0	Cardiometabolic	
431	DNER	OID20712	Q8NFT8	Inflammation	
432	DNMBP	OID20956	Q6XZF7	Neurology	
433	DNPH1	OID20744	O43598	Inflammation	
434	DOK2	OID20138	O60496	Cardiometabolic	
435	DPEP1	OID20897	P16444	Neurology	
436	DPEP2	OID21305	Q9H4A9	Oncology	
437	DPP10	OID20527	Q8N608	Inflammation	
438	DPP4	OID20406	P27487	Cardiometabolic	
439	DPP6	OID21354	P42658	Oncology	
440	DPP7	OID20142	Q9UHL4	Cardiometabolic	
441	DPT	OID20278	Q07507	Cardiometabolic	
442	DPY30	OID21410	Q9C005	Oncology	
443	DRAXIN	OID20917	Q8NBI3	Neurology	
444	DRG2	OID21335	P55039	Oncology	
445	DSC2	OID21079	Q02487	Neurology	
446	DSG2	OID21113	Q14126	Neurology	
447	DSG3	OID21460	P32926	Oncology	
448	DSG4	OID21325	Q86SJ6	Oncology	
449	DTX3	OID21349	Q8N9I9	Oncology	
450	DUOX2	OID20059	Q9NRD8	Cardiometabolic	
451	DUSP3	OID20827	P51452	Neurology	
452	EBAG9	OID20918	O00559	Neurology	
453	EBI3_IL27	OID21389		Oncology	Q14213_Q8NEV9
454	ECE1	OID20891	P42892	Neurology	
455	EDA2R	OID21451	Q9HAV5	Oncology	
456	EDAR	OID20525	Q9UNE0	Inflammation	
457	EDIL3	OID20081	O43854	Cardiometabolic	
458	EFEMP1	OID20414	Q12805	Cardiometabolic	
459	EFNA1	OID21125	P20827	Neurology	
460	EFNA4	OID20935	P52798	Neurology	
461	EGF	OID20698	P01133	Inflammation	
462	EGFL7	OID21252	Q9UHF1	Oncology	
463	EGFR	OID20319	P00533	Cardiometabolic	
464	EGLN1	OID20572	Q9GZT9	Inflammation	
465	EIF4B	OID21000	P23588	Neurology	
466	EIF4EBP1	OID20162	Q13541	Cardiometabolic	
467	EIF4G1	OID20625	Q04637	Inflammation	
468	EIF5A	OID20423	P63241	Inflammation	
469	ELOA	OID21337	Q14241	Oncology	
470	ENAH	OID20497	Q8N8S7	Inflammation	
471	ENG	OID20287	P17813	Cardiometabolic	
472	ENO1	OID21037	P06733	Neurology	
473	ENO2	OID21046	P09104	Neurology	
474	ENPP2	OID20288	Q13822	Cardiometabolic	
475	ENPP5	OID20736	Q9UJA9	Inflammation	
476	ENPP7	OID20689	Q6UWV6	Inflammation	
477	ENTPD2	OID21260	Q9Y5L3	Oncology	
478	ENTPD5	OID20104	O75356	Cardiometabolic	
479	ENTPD6	OID20100	O75354	Cardiometabolic	
480	EPCAM	OID20743	P16422	Inflammation	
481	EPHA1	OID20677	P21709	Inflammation	
482	EPHA10	OID20840	Q5JZY3	Neurology	
483	EPHA2	OID21342	P29317	Oncology	
484	EPHB4	OID20242	P54760	Cardiometabolic	
485	EPHB6	OID20982	O15197	Neurology	
486	EPHX2	OID20119	P34913	Cardiometabolic	
487	EPO	OID20522	P01588	Inflammation	
488	EPS8L2	OID21397	Q9H6S3	Oncology	
489	ERBB2	OID21520	P04626	Oncology	
490	ERBB3	OID20705	P21860	Inflammation	
491	ERBB4	OID21510	Q15303	Oncology	
492	ERBIN	OID21323	Q96RT1	Oncology	
493	EREG	OID20905	O14944	Neurology	
494	ERP44	OID21338	Q9BS26	Oncology	
495	ESAM	OID20270	Q96AP7	Cardiometabolic	
496	ESM1	OID20758	Q9NQ30	Inflammation	
497	EZR	OID21017	P15311	Neurology	
498	F11R	OID21151	Q9Y624	Neurology	
499	F2R	OID20691	P25116	Inflammation	
500	F3	OID21440	P13726	Oncology	
501	F7	OID20372	P08709	Cardiometabolic	
502	F9	OID20349	P00740	Cardiometabolic	
503	FABP1	OID20778	P07148	Inflammation	
504	FABP2	OID20200	P12104	Cardiometabolic	
505	FABP4	OID20245	P15090	Cardiometabolic	
506	FABP5	OID21043	Q01469	Neurology	
507	FABP6	OID20076	P51161	Cardiometabolic	
508	FABP9	OID20501	Q0Z7S8	Inflammation	
509	FADD	OID20151	Q13158	Cardiometabolic	
510	FAM3B	OID21372	P58499	Oncology	
511	FAM3C	OID20233	Q92520	Cardiometabolic	
512	FAP	OID20330	Q12884	Cardiometabolic	
513	FAS	OID20316	P25445	Cardiometabolic	
514	FASLG	OID20665	P48023	Inflammation	
515	FBP1	OID20227	P09467	Cardiometabolic	
516	FCAR	OID20564	P24071	Inflammation	
517	FCER2	OID21133	P06734	Neurology	
518	FCGR2A	OID20391	P12318	Cardiometabolic	
519	FCGR2B	OID21215	P31994	Oncology	
520	FCGR3B	OID20387	O75015	Cardiometabolic	
521	FCN2	OID20382	Q15485	Cardiometabolic	
522	FCRL1	OID20172	Q96LA6	Cardiometabolic	
523	FCRL2	OID20639	Q96LA5	Inflammation	
524	FCRL3	OID20443	Q96P31	Inflammation	
525	FCRL5	OID21111	Q96RD9	Neurology	
526	FCRL6	OID20529	Q6DN72	Inflammation	
527	FCRLB	OID21193	Q6BAA4	Oncology	
528	FEN1	OID21192	P39748	Oncology	
529	FES	OID21207	P07332	Oncology	
530	FETUB	OID20404	Q9UGM5	Cardiometabolic	
531	FGF19	OID20715	O95750	Inflammation	
532	FGF2	OID20503	P09038	Inflammation	
533	FGF21	OID21402	Q9NSA1	Oncology	
534	FGF23	OID21411	Q9GZV9	Oncology	
535	FGF5	OID20490	P12034	Inflammation	
536	FGFBP1	OID21507	Q14512	Oncology	
537	FGFR1OP	OID20084	O95684	Cardiometabolic	
538	FGFR2	OID21478	P21802	Oncology	
539	FGR	OID20828	P09769	Neurology	
540	FHIT	OID20872	P49789	Neurology	
541	FIS1	OID20722	Q9Y3D6	Inflammation	
542	FKBP1B	OID20618	P68106	Inflammation	
543	FKBP4	OID20960	Q02790	Neurology	
544	FKBP5	OID20937	Q13451	Neurology	
545	FKBP7	OID20846	Q9Y680	Neurology	
546	FLI1	OID21239	Q01543	Oncology	
547	FLRT2	OID20946	O43155	Neurology	
548	FLT1	OID21301	P17948	Oncology	
549	FLT3	OID21272	P36888	Oncology	
550	FLT3LG	OID20661	P49771	Inflammation	
551	FLT4	OID21491	P35916	Oncology	
552	FMNL1	OID20884	O95466	Neurology	
553	FMR1	OID21233	Q06787	Oncology	
554	FOLR1	OID21529	P15328	Oncology	
555	FOLR2	OID21062	P14207	Neurology	
556	FOLR3	OID21485	P41439	Oncology	
557	FOPNL	OID21209	Q96NB1	Oncology	
558	FOSB	OID20791	P53539	Neurology	
559	FOXO1	OID20515	Q12778	Inflammation	
560	FOXO3	OID21271	O43524	Oncology	
561	FRZB	OID20968	Q92765	Neurology	
562	FST	OID20770	P19883	Inflammation	
563	FSTL3	OID20782	O95633	Inflammation	
564	FUCA1	OID20261	P04066	Cardiometabolic	
565	FURIN	OID21514	P09958	Oncology	
566	FUS	OID21256	P35637	Oncology	
567	FUT3_FUT5	OID21013		Neurology	P21217_Q11128
568	FUT8	OID20992	Q9BYC5	Neurology	
569	FXN	OID21442	Q16595	Oncology	
570	FXYD5	OID20463	Q96DB9	Inflammation	
571	FYB1	OID21140	O15117	Neurology	
572	GAL	OID20727	P22466	Inflammation	
573	GALNT10	OID21371	Q86SR1	Oncology	
574	GALNT2	OID21423	Q10471	Oncology	
575	GALNT3	OID20471	Q14435	Inflammation	
576	GALNT7	OID21377	Q86SF2	Oncology	
577	GAS6	OID20318	Q14393	Cardiometabolic	
578	GBP2	OID20489	P32456	Inflammation	
579	GBP4	OID20845	Q96PP9	Neurology	
580	GCG	OID21263	P01275	Oncology	
581	GCNT1	OID21379	Q02742	Oncology	
582	GDF15	OID20251	Q99988	Cardiometabolic	
583	GDF2	OID20202	Q9UK05	Cardiometabolic	
584	GDNF	OID20861	P39905	Neurology	
585	GFAP	OID21247	P14136	Oncology	
586	GFER	OID21259	P55789	Oncology	
587	GFOD2	OID21216	Q3B7J2	Oncology	
588	GFRA1	OID21457	P56159	Oncology	
589	GFRA2	OID21330	O00451	Oncology	
590	GFRA3	OID20933	O60609	Neurology	
591	GGA1	OID20838	Q9UJY5	Neurology	
592	GGH	OID20416	Q92820	Cardiometabolic	
593	GGT1	OID21075	P19440	Neurology	
594	GGT5	OID20909	P36269	Neurology	
595	GH1	OID20220	P01241	Cardiometabolic	
596	GH2	OID21168	P01242	Oncology	
597	GHRHR	OID20841	Q02643	Neurology	
598	GHRL	OID20175	Q9UBU3	Cardiometabolic	
599	GKN1	OID20885	Q9NS71	Neurology	
600	GLB1	OID20949	P16278	Neurology	
601	GLO1	OID20107	Q04760	Cardiometabolic	
602	GLOD4	OID20710	Q9HC38	Inflammation	
603	GLRX	OID20195	P35754	Cardiometabolic	
604	GLT8D2	OID20825	Q9H1C3	Neurology	
605	GMPR	OID20641	P36959	Inflammation	
606	GNE	OID21231	Q9Y223	Oncology	
607	GNLY	OID21132	P22749	Neurology	
608	GOPC	OID20551	Q9HD26	Inflammation	
609	GP1BA	OID20381	P07359	Cardiometabolic	
610	GP2	OID20090	P55259	Cardiometabolic	
611	GP6	OID21091	Q9HCN6	Neurology	
612	GPA33	OID21376	Q99795	Oncology	
613	GPC1	OID21438	P35052	Oncology	
614	GPC5	OID20944	P78333	Neurology	
615	GPKOW	OID20890	Q92917	Neurology	
616	GPNMB	OID20173	Q14956	Cardiometabolic	
617	GPR37	OID20095	O15354	Cardiometabolic	
618	GRAP2	OID20192	O75791	Cardiometabolic	
619	GRK5	OID20066	P34947	Cardiometabolic	
620	GRN	OID21159	P28799	Neurology	
621	GRPEL1	OID21309	Q9HAV7	Oncology	
622	GSAP	OID21173	A4D1B5	Oncology	
623	GSTA1	OID20166	P08263	Cardiometabolic	
624	GSTA3	OID21242	Q16772	Oncology	
625	GSTP1	OID20876	P09211	Neurology	
626	GUCA2A	OID21101	Q02747	Neurology	
627	GUSB	OID20296	P08236	Cardiometabolic	
628	GYS1	OID20097	P13807	Cardiometabolic	
629	GZMA	OID20663	P12544	Inflammation	
630	GZMB	OID20604	P10144	Inflammation	
631	GZMH	OID20096	P20718	Cardiometabolic	
632	HAGH	OID21459	Q16775	Oncology	
633	HAO1	OID21395	Q9UJM8	Oncology	
634	HARS	OID21086	P12081	Neurology	
635	HAVCR1	OID21422	Q96D42	Oncology	
636	HAVCR2	OID21137	Q8TDQ0	Neurology	
637	HBEGF	OID21465	Q99075	Oncology	
638	HBQ1	OID21433	P09105	Oncology	
639	HCLS1	OID20648	P14317	Inflammation	
640	HDGF	OID21455	P51858	Oncology	
641	HEBP1	OID20063	Q9NRV9	Cardiometabolic	
642	HEXIM1	OID20589	O94992	Inflammation	
643	HGF	OID20656	P14210	Inflammation	
644	HGS	OID21175	O14964	Oncology	
645	HK2	OID20065	P52789	Cardiometabolic	
646	HLA-DRA	OID20520	P01903	Inflammation	
647	HLA-E	OID20532	P13747	Inflammation	
648	HMBS	OID21385	P08397	Oncology	
649	HMOX1	OID20217	P09601	Cardiometabolic	
650	HMOX2	OID20887	P30519	Neurology	
651	HNMT	OID20975	P50135	Neurology	
652	HNRNPK	OID20051	P61978	Cardiometabolic	
653	HPCAL1	OID20615	P37235	Inflammation	
654	HPGDS	OID21266	O60760	Oncology	
655	HS3ST3B1	OID21303	Q9Y662	Oncology	
656	HS6ST1	OID21441	O60243	Oncology	
657	HSD11B1	OID20575	P28845	Inflammation	
658	HSP90B1	OID20829	P14625	Neurology	
659	HSPA1A	OID20718	P0DMV8	Inflammation	
660	HSPB1	OID20230	P04792	Cardiometabolic	
661	HSPB6	OID21408	O14558	Oncology	
662	HSPG2	OID20383	P98160	Cardiometabolic	
663	HTRA2	OID21471	O43464	Oncology	
664	HYAL1	OID20357	Q12794	Cardiometabolic	
665	HYOU1	OID20300	Q9Y4L1	Cardiometabolic	
666	ICA1	OID20484	Q05084	Inflammation	
667	ICAM1	OID20411	P05362	Cardiometabolic	
668	ICAM2	OID20248	P13598	Cardiometabolic	
669	ICAM3	OID20277	P32942	Cardiometabolic	
670	ICAM4	OID20578	Q14773	Inflammation	
671	ICAM5	OID20145	Q9UMF0	Cardiometabolic	
672	ICOSLG	OID21351	O75144	Oncology	
673	IDI2	OID20823	Q9BXS1	Neurology	
674	IDS	OID20619	P22304	Inflammation	
675	IDUA	OID21468	P35475	Oncology	
676	IFNG	OID20495	P01579	Inflammation	
677	IFNGR1	OID20678	P15260	Inflammation	
678	IFNGR2	OID20941	P38484	Neurology	
679	IFNL1	OID20795	Q8IU54	Neurology	
680	IFNLR1	OID20506	Q8IU57	Inflammation	
681	IGF1R	OID21274	P08069	Oncology	
682	IGF2R	OID21146	P11717	Neurology	
683	IGFBP1	OID20246	P08833	Cardiometabolic	
684	IGFBP2	OID20325	P18065	Cardiometabolic	
685	IGFBP3	OID20398	P17936	Cardiometabolic	
686	IGFBP4	OID21158	P22692	Neurology	
687	IGFBP6	OID20413	P24592	Cardiometabolic	
688	IGFBP7	OID20236	Q16270	Cardiometabolic	
689	IGFBPL1	OID20155	Q8WX77	Cardiometabolic	
690	IGSF3	OID21312	O75054	Oncology	
691	IGSF8	OID20167	Q969P0	Cardiometabolic	
692	IKBKG	OID20544	Q9Y6K9	Inflammation	
693	IKZF2	OID21213	Q9UKS7	Oncology	
694	IL10	OID20431	P22301	Inflammation	
695	IL10RA	OID20420	Q13651	Inflammation	
696	IL10RB	OID20696	Q08334	Inflammation	
697	IL11	OID20455	P20809	Inflammation	
698	IL12A_IL12B	OID21327		Oncology	P29459_P29460
699	IL12B	OID20666	P29460	Inflammation	
700	IL12RB1	OID20486	P42701	Inflammation	
701	IL13	OID20430	P35225	Inflammation	
702	IL13RA1	OID21504	P78552	Oncology	
703	IL15	OID20562	P40933	Inflammation	
704	IL15RA	OID20498	Q13261	Inflammation	
705	IL16	OID20633	Q14005	Inflammation	
706	IL17A	OID20469	Q16552	Inflammation	
707	IL17C	OID20477	Q9P0M4	Inflammation	
708	IL17D	OID20481	Q8TAD2	Inflammation	
709	IL17F	OID20456	Q96PD4	Inflammation	
710	IL17RA	OID21089	Q96F46	Neurology	
711	IL17RB	OID20585	Q9NRM6	Inflammation	
712	IL18	OID20694	Q14116	Inflammation	
713	IL18BP	OID20348	O95998	Cardiometabolic	
714	IL18R1	OID20652	Q13478	Inflammation	
715	IL18RAP	OID20900	O95256	Neurology	
716	IL19	OID20158	Q9UHD0	Cardiometabolic	
717	IL1A	OID20488	P01583	Inflammation	
718	IL1B	OID20427	P01584	Inflammation	
719	IL1R1	OID21116	P14778	Neurology	
720	IL1R2	OID20757	P27930	Inflammation	
721	IL1RAP	OID21126	Q9NPH3	Neurology	
722	IL1RL1	OID20250	Q01638	Cardiometabolic	
723	IL1RL2	OID20487	Q9HB29	Inflammation	
724	IL1RN	OID20700	P18510	Inflammation	
725	IL2	OID20419	P60568	Inflammation	
726	IL20	OID20453	Q9NYY1	Inflammation	
727	IL20RA	OID20422	Q9UHF4	Inflammation	
728	IL22RA1	OID20449	Q8N6P7	Inflammation	
729	IL24	OID20440	Q13007	Inflammation	
730	IL2RA	OID20267	P01589	Cardiometabolic	
731	IL2RB	OID20450	P14784	Inflammation	
732	IL32	OID20605	P24001	Inflammation	
733	IL33	OID20428	O95760	Inflammation	
734	IL34	OID20809	Q6ZMJ4	Neurology	
735	IL3RA	OID20461	P26951	Inflammation	
736	IL4	OID20426	P05112	Inflammation	
737	IL4R	OID20576	P24394	Inflammation	
738	IL5	OID20472	P05113	Inflammation	
739	IL5RA	OID20601	Q01344	Inflammation	
740	IL6	OID20101	P05231	Cardiometabolic	
741	IL6R	OID20385	P08887	Cardiometabolic	
742	IL6ST	OID20147	P40189	Cardiometabolic	
743	IL7	OID20535	P13232	Inflammation	
744	IL7R	OID21136	P16871	Neurology	
745	ILKAP	OID20855	Q9H0C8	Neurology	
746	IMPA1	OID20907	P29218	Neurology	
747	ING1	OID20853	Q9UK53	Neurology	
748	INHBC	OID21093	P55103	Neurology	
749	INPP1	OID21345	P49441	Oncology	
750	INPPL1	OID21314	O15357	Oncology	
751	IPCEF1	OID20977	Q8WWN9	Neurology	
752	IQGAP2	OID21361	Q13576	Oncology	
753	IRAK1	OID20485	P51617	Inflammation	
754	IRAK4	OID20577	Q9NWZ3	Inflammation	
755	ISLR2	OID20889	Q6UXK2	Neurology	
756	ISM1	OID20538	B1AKI9	Inflammation	
757	ITGA11	OID20581	Q9UKX5	Inflammation	
758	ITGA5	OID21139	P08648	Neurology	
759	ITGA6	OID20528	P23229	Inflammation	
760	ITGAM	OID21071	P11215	Neurology	
761	ITGAV	OID21416	P06756	Oncology	
762	ITGB1	OID20376	P05556	Cardiometabolic	
763	ITGB1BP1	OID21268	O14713	Oncology	
764	ITGB1BP2	OID20112	Q9UKP3	Cardiometabolic	
765	ITGB2	OID20315	P05107	Cardiometabolic	
766	ITGB5	OID21522	P18084	Oncology	
767	ITGB6	OID20493	P18564	Inflammation	
768	ITGB7	OID21393	P26010	Oncology	
769	ITIH3	OID20352	Q06033	Cardiometabolic	
770	ITM2A	OID20504	O43736	Inflammation	
771	IVD	OID20833	P26440	Neurology	
772	JAM2	OID21064	P57087	Neurology	
773	JCHAIN	OID20494	P01591	Inflammation	
774	JUN	OID20424	P05412	Inflammation	
775	KAZALD1	OID21339	Q96I82	Oncology	
776	KCNIP4	OID20813	Q6PIL6	Neurology	
777	KDR	OID21497	P35968	Oncology	
778	KEL	OID20881	P23276	Neurology	
779	KIFBP	OID21320	Q96EK5	Oncology	
780	KIR2DL3	OID21196	P43628	Oncology	
781	KIR3DL1	OID21185	P43629	Oncology	
782	KIRREL2	OID20873	Q6UWL6	Neurology	
783	KIT	OID20370	P10721	Cardiometabolic	
784	KITLG	OID20196	P21583	Cardiometabolic	
785	KLB	OID20888	Q86Z14	Neurology	
786	KLK1	OID21499	P06870	Oncology	
787	KLK10	OID21523	O43240	Oncology	
788	KLK11	OID21518	Q9UBX7	Oncology	
789	KLK12	OID21201	Q9UKR0	Oncology	
790	KLK13	OID21291	Q9UKR3	Oncology	
791	KLK14	OID21407	Q9P0G3	Oncology	
792	KLK4	OID21391	Q9Y5K2	Oncology	
793	KLK6	OID21526	Q92876	Oncology	
794	KLK8	OID21517	O60259	Oncology	
795	KLRB1	OID20629	Q12918	Inflammation	
796	KLRD1	OID20632	Q13241	Inflammation	
797	KRT14	OID20800	P02533	Neurology	
798	KRT18	OID21296	P05783	Oncology	
799	KRT19	OID20596	P08727	Inflammation	
800	KRT5	OID20860	P13647	Neurology	
801	KYAT1	OID20232	Q16773	Cardiometabolic	
802	KYNU	OID20669	Q16719	Inflammation	
803	L1CAM	OID21484	P32004	Oncology	
804	LACTB2	OID20150	Q53H82	Cardiometabolic	
805	LAG3	OID21315	P18627	Oncology	
806	LAIR1	OID20737	Q6GTX8	Inflammation	
807	LAIR2	OID20965	Q6ISS4	Neurology	
808	LAMA4	OID20769	Q16363	Inflammation	
809	LAMP2	OID21035	P13473	Neurology	
810	LAMP3	OID20638	Q9UQV4	Inflammation	
811	LAP3	OID20436	P28838	Inflammation	
812	LAT	OID20640	O43561	Inflammation	
813	LAT2	OID21292	Q9GZY6	Oncology	
814	LAYN	OID20970	Q6UX15	Neurology	
815	LBP	OID20355	P18428	Cardiometabolic	
816	LBR	OID21034	Q14739	Neurology	
817	LCN2	OID20392	P80188	Cardiometabolic	
818	LDLR	OID20240	P01130	Cardiometabolic	
819	LEFTY2	OID21454	O00292	Oncology	
820	LEP	OID20187	P41159	Cardiometabolic	
821	LEPR	OID20128	P48357	Cardiometabolic	
822	LGALS1	OID20154	P09382	Cardiometabolic	
823	LGALS3	OID20284	P17931	Cardiometabolic	
824	LGALS4	OID20748	P56470	Inflammation	
825	LGALS7_LGALS7B	OID21406	P47929	Oncology	
826	LGALS8	OID21041	O00214	Neurology	
827	LGALS9	OID20781	O00182	Inflammation	
828	LGMN	OID20773	Q99538	Inflammation	
829	LHB	OID21248	P01229	Oncology	
830	LHPP	OID20749	Q9H008	Inflammation	
831	LIF	OID20824	P15018	Neurology	
832	LIFR	OID20606	P42702	Inflammation	
833	LILRA2	OID21152	Q8N149	Neurology	
834	LILRA5	OID20209	A6NI73	Cardiometabolic	
835	LILRB1	OID20323	Q8NHL6	Cardiometabolic	
836	LILRB2	OID20301	Q8N423	Cardiometabolic	
837	LILRB4	OID20429	Q8NHJ6	Inflammation	
838	LILRB5	OID20324	O75023	Cardiometabolic	
839	LPCAT2	OID21290	Q7L5N7	Oncology	
840	LPL	OID20188	P06858	Cardiometabolic	
841	LPO	OID20963	P22079	Neurology	
842	LRIG1	OID21429	Q96JA1	Oncology	
843	LRMP	OID20085	Q12912	Cardiometabolic	
844	LRP1	OID21293	Q07954	Oncology	
845	LRP11	OID20185	Q86VZ4	Cardiometabolic	
846	LRPAP1	OID21059	P30533	Neurology	
847	LRRC25	OID21333	Q8N386	Oncology	
848	LRRN1	OID20438	Q6UXK5	Inflammation	
849	LSM1				LSM1
850	LSP1	OID20530	P33241	Inflammation	
851	LTA	OID20586	P01374	Inflammation	
852	LTA4H	OID21452	P09960	Oncology	
853	LTBP2	OID20254	Q14767	Cardiometabolic	
854	LTBP3	OID21191	Q9NS15	Oncology	
855	LTBR	OID20768	P36941	Inflammation	
856	LTO1	OID20434	Q8WV07	Inflammation	
857	LXN	OID21003	Q9BS40	Neurology	
858	LY6D	OID20708	Q14210	Inflammation	
859	LY75	OID20580	O60449	Inflammation	
860	LY9	OID20670	Q9HBG7	Inflammation	
861	LY96	OID20945	Q9Y6Y9	Neurology	
862	LYAR	OID21264	Q9NX58	Oncology	
863	LYN	OID21350	P07948	Oncology	
864	LYPD1	OID20821	Q8N2G4	Neurology	
865	LYPD3	OID21530	O95274	Oncology	
866	LYPD8	OID21251	Q6UX82	Oncology	
867	MAD1L1	OID20904	Q9Y6D9	Neurology	
868	MAEA	OID21206	Q7L5Y9	Oncology	
869	MAGED1	OID21181	Q9Y5V3	Oncology	
870	MANF	OID20707	P55145	Inflammation	
871	MANSC1	OID21492	Q9H8J5	Oncology	
872	MAP2K6	OID20552	P52564	Inflammation	
873	MAP3K5	OID21253	Q99683	Oncology	
874	MAP4K5	OID20899	Q9Y4K4	Neurology	
875	MAPK9	OID20557	P45984	Inflammation	
876	MAPT	OID20830	P10636	Neurology	
877	MARCO	OID20210	Q9UEW3	Cardiometabolic	
878	MASP1	OID20954	P48740	Neurology	
879	MATN2	OID20767	O00339	Inflammation	
880	MATN3	OID20979	O15232	Neurology	
881	MAVS	OID21204	Q7Z434	Oncology	
882	MAX	OID20877	P61244	Neurology	
883	MB	OID20263	P02144	Cardiometabolic	
884	MCAM	OID20343	P43121	Cardiometabolic	
885	MCFD2	OID20171	Q8NI22	Cardiometabolic	
886	MDGA1	OID20951	Q8NFP4	Neurology	
887	MDK	OID21489	P21741	Oncology	
888	MED18	OID21236	Q9BUE0	Oncology	
889	MEGF10	OID20746	Q96KG7	Inflammation	
890	MEGF9	OID20285	Q9H1U4	Cardiometabolic	
891	MEP1B	OID20168	Q16820	Cardiometabolic	
892	MEPE	OID20753	Q9NQ76	Inflammation	
893	MERTK	OID20657	Q12866	Inflammation	
894	MESD	OID21099	Q14696	Neurology	
895	MET	OID20269	P08581	Cardiometabolic	
896	METAP1	OID20815	P53582	Neurology	
897	METAP1D	OID20519	Q6UB28	Inflammation	
898	METAP2	OID21437	P50579	Oncology	
899	MFAP3	OID20057	P55082	Cardiometabolic	
900	MFAP5	OID20239	Q13361	Cardiometabolic	
901	MFGE8	OID21134	Q08431	Neurology	
902	MGLL	OID20711	Q99685	Inflammation	
903	MGMT	OID20588	P16455	Inflammation	
904	MIA	OID21531	Q16674	Oncology	
905	MICB_MICA	OID20593		Inflammation	Q29980_Q29983
906	MIF	OID21073	P14174	Neurology	
907	MILR1	OID20482	Q7Z6M3	Inflammation	
908	MITD1	OID20959	Q8WV92	Neurology	
909	MLN	OID20541	P12872	Inflammation	
910	MME	OID21307	P08473	Oncology	
911	MMP1	OID20672	P03956	Inflammation	
912	MMP10	OID20687	P09238	Inflammation	
913	MMP12	OID21439	P39900	Oncology	
914	MMP13	OID20807	P45452	Neurology	
915	MMP3	OID21083	P08254	Neurology	
916	MMP7	OID20087	P09237	Cardiometabolic	
917	MMP8	OID21019	P22894	Neurology	
918	MMP9	OID21103	P14780	Neurology	
919	MNDA	OID20156	P41218	Cardiometabolic	
920	MOG	OID21384	Q16653	Oncology	
921	MPHOSPH8	OID20092	Q99549	Cardiometabolic	
922	MPI	OID21288	P34949	Oncology	
923	MPIG6B	OID20779	O95866	Inflammation	
924	MPO	OID21100	P05164	Neurology	
925	MRPL46	OID20858	Q9H2W6	Neurology	
926	MSLN	OID21380	Q13421	Oncology	
927	MSMB	OID20275	P08118	Cardiometabolic	
928	MSR1	OID21063	P21757	Neurology	
929	MSRA	OID21513	Q9UJ68	Oncology	
930	MSTN	OID20115	O14793	Cardiometabolic	
931	MTPN	OID20080	P58546	Cardiometabolic	
932	MUC13	OID20866	Q9H3R2	Neurology	
933	MUC16	OID21378	Q8WXI7	Oncology	
934	MVK	OID20459	Q03426	Inflammation	
935	MYO9B	OID20451	Q13459	Inflammation	
936	MYOC	OID21121	Q99972	Neurology	
937	MZB1	OID20732	Q8WU39	Inflammation	
938	MZT1	OID21186	Q08AG7	Oncology	
939	NAAA	OID20931	Q02083	Neurology	
940	NADK	OID20178	O95544	Cardiometabolic	
941	NAMPT	OID21227	P43490	Oncology	
942	NBL1	OID21486	P41271	Oncology	
943	NBN	OID20442	O60934	Inflammation	
944	NCAM1	OID20354	P13591	Cardiometabolic	
945	NCAM2	OID21095	O15394	Neurology	
946	NCAN	OID21055	O14594	Neurology	
947	NCF2	OID20567	P19878	Inflammation	
948	NCK2	OID20683	O43639	Inflammation	
949	NCLN	OID20448	Q969V3	Inflammation	
950	NCR1	OID20566	O76036	Inflammation	
951	NCS1	OID21458	P62166	Oncology	
952	NDRG1	OID20792	Q92597	Neurology	
953	NDUFS6	OID21224	O75380	Oncology	
954	NECTIN2	OID20222	Q92692	Cardiometabolic	
955	NECTIN4	OID21490	Q96NY8	Oncology	
956	NEFL	OID20871	P07196	Neurology	
957	NELL1	OID21494	Q92832	Oncology	
958	NELL2	OID20706	Q99435	Inflammation	
959	NFASC	OID20634	O94856	Inflammation	
960	NFATC1	OID20545	O95644	Inflammation	
961	NFATC3	OID20470	Q12968	Inflammation	
962	NFKBIE	OID21212	O00221	Oncology	
963	NGF	OID20920	P01138	Neurology	
964	NID1	OID20362	P14543	Cardiometabolic	
965	NID2	OID21085	Q14112	Neurology	
966	NINJ1	OID21167	Q92982	Oncology	
967	NME3	OID20789	Q13232	Inflammation	
968	NMNAT1	OID20913	Q9HAN9	Neurology	
969	NOMO1	OID21106	Q15155	Neurology	
970	NOS1	OID20863	P29475	Neurology	
971	NOS3	OID20834	P29474	Neurology	
972	NOTCH1	OID20311	P46531	Cardiometabolic	
973	NOTCH3	OID20253	Q9UM47	Cardiometabolic	
974	NPDC1	OID20205	Q9NQX5	Cardiometabolic	
975	NPM1	OID20961	P06748	Neurology	
976	NPPB	OID20049	P16860	Cardiometabolic	
977	NPPC	OID20568	P23582	Inflammation	
978	NPTN	OID21235	Q9Y639	Oncology	
979	NPTX1	OID21074	Q15818	Neurology	
980	NPTXR	OID20191	O95502	Cardiometabolic	
981	NPY	OID21388	P01303	Oncology	
982	NRCAM	OID20229	Q92823	Cardiometabolic	
983	NRP1	OID20390	O14786	Cardiometabolic	
984	NRP2	OID21081	O60462	Neurology	
985	NRTN	OID20465	Q99748	Inflammation	
986	NSFL1C	OID21022	Q9UNZ2	Neurology	
987	NT5C3A	OID20553	Q9H0P0	Inflammation	
988	NT5E	OID21498	P21589	Oncology	
989	NTF3	OID20591	P20783	Inflammation	
990	NTF4	OID21208	P34130	Oncology	
991	NTproBNP	OID20125		Cardiometabolic	NTproBNP
992	NTRK2	OID20136	Q16620	Cardiometabolic	
993	NTRK3	OID21057	Q16288	Neurology	
994	NUB1	OID20510	Q9Y5A7	Inflammation	
995	NUCB2	OID21448	P80303	Oncology	
996	NUDC	OID20623	Q9Y266	Inflammation	
997	NUDT2	OID21308	P50583	Oncology	
998	NUDT5	OID21115	Q9UKK9	Neurology	
999	NXPH1	OID20849	P58417	Neurology	
1000	OBP2B	OID20980	Q9NPH6	Neurology	
1001	ODAM	OID20793	A1E959	Neurology	
1002	OGFR	OID21360	Q9NZT2	Oncology	
1003	OGN	OID21123	P20774	Neurology	
1004	OLR1	OID20183	P78380	Cardiometabolic	
1005	OMD	OID20725	Q99983	Inflammation	
1006	OMG	OID21352	P23515	Oncology	
1007	OPTC	OID21362	Q9UBM4	Oncology	
1008	OSCAR	OID20776	Q8IYS5	Inflammation	
1009	OSM	OID20574	P13725	Inflammation	
1010	OSMR	OID20356	Q99650	Cardiometabolic	
1011	OXT	OID21047	P01178	Neurology	
1012	P4HB	OID21509	P07237	Oncology	
1013	PADI2	OID20467	Q9Y2J8	Inflammation	
1014	PADI4	OID20832	Q9UM07	Neurology	
1015	PAEP	OID20925	P09466	Neurology	
1016	PAG1	OID20108	Q9NWQ8	Cardiometabolic	
1017	PAK4	OID20819	O96013	Neurology	
1018	PAM	OID20291	P19021	Cardiometabolic	
1019	PAMR1	OID21153	Q6UXH9	Neurology	
1020	PAPPA	OID20421	Q13219	Inflammation	
1021	PARK7	OID21160	Q99497	Neurology	
1022	PARP1	OID20500	P09874	Inflammation	
1023	PBLD	OID20839	P30039	Neurology	
1024	PCDH1	OID20614	Q08174	Inflammation	
1025	PCDH17	OID20132	O14917	Cardiometabolic	
1026	PCOLCE	OID20384	Q15113	Cardiometabolic	
1027	PCSK9	OID20235	Q8NBP7	Cardiometabolic	
1028	PDCD1	OID21396	Q15116	Oncology	
1029	PDCD1LG2	OID21273	Q9BQ51	Oncology	
1030	PDCD5	OID21021	O14737	Neurology	
1031	PDCD6	OID20163	O75340	Cardiometabolic	
1032	PDGFA	OID20313	P04085	Cardiometabolic	
1033	PDGFB	OID20741	P01127	Inflammation	
1034	PDGFC	OID21183	Q9NRA1	Oncology	
1035	PDGFRA	OID20133	P16234	Cardiometabolic	
1036	PDGFRB	OID20268	P09619	Cardiometabolic	
1037	PDLIM7	OID20729	Q9NR12	Inflammation	
1038	PDP1	OID21176	Q9P0J1	Oncology	
1039	PEAR1	OID20257	Q5VY43	Cardiometabolic	
1040	PEBP1	OID21087	P30086	Neurology	
1041	PECAM1	OID21131	P16284	Neurology	
1042	PFDN2	OID20892	Q9UHV9	Neurology	
1043	PFKFB2	OID21356	O60825	Oncology	
1044	PGF	OID20673	P49763	Inflammation	
1045	PGLYRP1	OID20338	O75594	Cardiometabolic	
1046	PHOSPHO1	OID20922	Q8TCT1	Neurology	
1047	PI3	OID20326	P19957	Cardiometabolic	
1048	PIGR	OID21102	P01833	Neurology	
1049	PIK3AP1	OID20587	Q6ZUJ8	Inflammation	
1050	PIK3IP1	OID21094	Q96FE7	Neurology	
1051	PILRA	OID21129	Q9UKJ1	Neurology	
1052	PILRB	OID20197	Q9UKJ0	Cardiometabolic	
1053	PKLR	OID20682	P30613	Inflammation	
1054	PLA2G10	OID21002	O15496	Neurology	
1055	PLA2G15	OID21473	Q8NCC3	Oncology	
1056	PLA2G1B	OID20252	P04054	Cardiometabolic	
1057	PLA2G2A	OID20274	P14555	Cardiometabolic	
1058	PLA2G4A	OID20685	P47712	Inflammation	
1059	PLA2G7	OID21105	Q13093	Neurology	
1060	PLAT	OID20247	P00750	Cardiometabolic	
1061	PLAU	OID21124	P00749	Neurology	
1062	PLAUR	OID20764	Q03405	Inflammation	
1063	PLIN1	OID20835	O60240	Neurology	
1064	PLIN3	OID20143	O60664	Cardiometabolic	
1065	PLPBP	OID20144	O94903	Cardiometabolic	
1066	PLTP	OID20238	P55058	Cardiometabolic	
1067	PLXDC1	OID21258	Q8IUK5	Oncology	
1068	PLXNA4	OID20597	Q9HCM2	Inflammation	
1069	PLXNB2	OID20317	O15031	Cardiometabolic	
1070	PLXNB3	OID20160	Q9ULL4	Cardiometabolic	
1071	PM20D1	OID20149	Q6GTS8	Cardiometabolic	
1072	PMVK	OID20850	Q15126	Neurology	
1073	PNLIPRP2	OID20775	P54317	Inflammation	
1074	PNPT1	OID20445	Q8TCS8	Inflammation	
1075	PODXL	OID21358	O00592	Oncology	
1076	PODXL2	OID21487	Q9NZ53	Oncology	
1077	POLR2F	OID21283	P61218	Oncology	
1078	PON2	OID20088	Q15165	Cardiometabolic	
1079	PON3	OID20777	Q15166	Inflammation	
1080	PPCDC	OID21027	Q96CD2	Neurology	
1081	PPIB	OID20331	P23284	Cardiometabolic	
1082	PPM1A	OID21184	P35813	Oncology	
1083	PPME1	OID21347	Q9Y570	Oncology	
1084	PPP1R12A	OID21475	O14974	Oncology	
1085	PPP1R2	OID20176	P41236	Cardiometabolic	
1086	PPP1R9B	OID20643	Q96SB3	Inflammation	
1087	PPP3R1	OID20902	P63098	Neurology	
1088	PPY	OID21516	P01298	Oncology	
1089	PQBP1	OID21172	O60828	Oncology	
1090	PRCP	OID20337	P42785	Cardiometabolic	
1091	PRDX1	OID20962	Q06830	Neurology	
1092	PRDX3	OID20483	P30048	Inflammation	
1093	PRDX5	OID20644	P30044	Inflammation	
1094	PRDX6	OID21404	P30041	Oncology	
1095	PREB	OID20439	Q9HCU5	Inflammation	
1096	PRELP	OID20766	P51888	Inflammation	
1097	PRKAB1	OID20444	Q9Y478	Inflammation	
1098	PRKAR1A	OID20146	P10644	Cardiometabolic	
1099	PRKCQ	OID20468	Q04759	Inflammation	
1100	PRKRA	OID21225	O75569	Oncology	
1101	PRL	OID21033	P01236	Neurology	
1102	PROC	OID20402	P04070	Cardiometabolic	
1103	PROK1	OID20543	P58294	Inflammation	
1104	PRSS2	OID20364	P07478	Cardiometabolic	
1105	PRSS27	OID20212	Q9BQR3	Cardiometabolic	
1106	PRSS8	OID20763	Q16651	Inflammation	
1107	PRTFDC1	OID20867	Q9NRG1	Neurology	
1108	PRTG	OID21443	Q2VWP7	Oncology	
1109	PRTN3	OID20329	P24158	Cardiometabolic	
1110	PSG1	OID20916	P11464	Neurology	
1111	PSIP1	OID20534	O75475	Inflammation	
1112	PSMA1	OID21221	P25786	Oncology	
1113	PSMD9	OID21304	O00233	Oncology	
1114	PSME1	OID20969	Q06323	Neurology	
1115	PSME2	OID20989	Q9UL46	Neurology	
1116	PSMG3	OID20549	Q9BT73	Inflammation	
1117	PSPN	OID20511	O60542	Inflammation	
1118	PSRC1	OID21169	Q6PGN9	Oncology	
1119	PTEN	OID20794	P60484	Neurology	
1120	PTGDS	OID20408	P41222	Cardiometabolic	
1121	PTH1R	OID20571	Q03431	Inflammation	
1122	PTK7	OID20880	Q13308	Neurology	
1123	PTN	OID20083	P21246	Cardiometabolic	
1124	PTPN1	OID20908	P18031	Neurology	
1125	PTPN6	OID20717	P29350	Inflammation	
1126	PTPRF	OID20310	P10586	Cardiometabolic	
1127	PTPRM	OID20598	P28827	Inflammation	
1128	PTPRN2	OID20912	Q92932	Neurology	
1129	PTPRS	OID20306	Q13332	Cardiometabolic	
1130	PTS	OID20847	Q03393	Neurology	
1131	PTX3	OID20570	P26022	Inflammation	
1132	PVALB	OID21420	P20472	Oncology	
1133	PVR	OID21011	P15151	Neurology	
1134	PXN	OID20822	P49023	Neurology	
1135	QDPR	OID20174	P09417	Cardiometabolic	
1136	QPCT	OID20320	Q16769	Cardiometabolic	
1137	RAB37	OID20425	Q96AX2	Inflammation	
1138	RAB6A	OID20608	P20340	Inflammation	
1139	RAB6B	OID20817	Q9NRW1	Neurology	
1140	RABEPK	OID21163	Q7Z6M1	Oncology	
1141	RABGAP1L	OID20447	Q5R372	Inflammation	
1142	RAD23B	OID21166	P54727	Oncology	
1143	RANGAP1	OID21203	P46060	Oncology	
1144	RARRES1	OID21177	P49788	Oncology	
1145	RARRES2	OID20373	Q99969	Cardiometabolic	
1146	RASA1	OID20826	P20936	Neurology	
1147	RASSF2	OID21194	P50749	Oncology	
1148	RBKS	OID20986	Q9H477	Neurology	
1149	RBP2	OID21365	P50120	Oncology	
1150	RBP5	OID21369	P82980	Oncology	
1151	RCOR1	OID20073	Q9UKL0	Cardiometabolic	
1152	REG1A	OID20415	P05451	Cardiometabolic	
1153	REG1B	OID20266	P48304	Cardiometabolic	
1154	REG3A	OID20258	Q06141	Cardiometabolic	
1155	REG4	OID20784	Q9BYZ8	Inflammation	
1156	RELT	OID21142	Q969Z4	Neurology	
1157	REN	OID20201	P00797	Cardiometabolic	
1158	RET	OID21346	P07949	Oncology	
1159	RETN	OID20327	Q9HD89	Cardiometabolic	
1160	RGMA	OID21065	Q96B86	Neurology	
1161	RGMB	OID21045	Q6NW40	Neurology	
1162	RGS8	OID20454	P57771	Inflammation	
1163	RHOC	OID20950	P08134	Neurology	
1164	RILP	OID21436	Q96NA2	Oncology	
1165	RNASE3	OID20203	P12724	Cardiometabolic	
1166	RNASET2	OID20321	O00584	Cardiometabolic	
1167	RNF41	OID21179	Q9H4P4	Oncology	
1168	ROBO1	OID20734	Q9Y6N7	Inflammation	
1169	ROBO2	OID21007	Q9HCK4	Neurology	
1170	ROR1	OID20224	Q01973	Cardiometabolic	
1171	RP2	OID21302	O75695	Oncology	
1172	RRM2	OID21187	P31350	Oncology	
1173	RRM2B	OID21174	Q7LG56	Oncology	
1174	RSPO1	OID20938	Q2MKA7	Neurology	
1175	RSPO3	OID21415	Q9BXY4	Oncology	
1176	RTBDN	OID21343	Q9BSG5	Oncology	
1177	RTN4R	OID21424	Q9BZR6	Oncology	
1178	RUVBL1	OID21211	Q9Y265	Oncology	
1179	RWDD1	OID21015	Q9H446	Neurology	
1180	S100A11	OID20130	P31949	Cardiometabolic	
1181	S100A12	OID21374	P80511	Oncology	
1182	S100A16	OID20878	Q96FQ6	Neurology	
1183	S100A4	OID21519	P26447	Oncology	
1184	S100P	OID20103	P25815	Cardiometabolic	
1185	SAMD9L	OID20536	Q8IVG5	Inflammation	
1186	SCAMP3	OID21332	O14828	Oncology	
1187	SCARA5	OID21058	Q6ZMJ2	Neurology	
1188	SCARB1	OID20805	Q8WTV0	Neurology	
1189	SCARB2	OID20943	Q14108	Neurology	
1190	SCARF1	OID20297	Q14162	Cardiometabolic	
1191	SCARF2	OID21048	Q96GP6	Neurology	
1192	SCG2	OID21400	P13521	Oncology	
1193	SCG3	OID20728	Q8WXD2	Inflammation	
1194	SCGB1A1	OID20688	P11684	Inflammation	
1195	SCGB3A2	OID20723	Q96PL1	Inflammation	
1196	SCGN	OID20457	O76038	Inflammation	
1197	SCLY	OID21425	Q96I15	Oncology	
1198	SCP2	OID21161	P22307	Oncology	
1199	SCRN1	OID20542	Q12765	Inflammation	
1200	SDC1	OID20169	P18827	Cardiometabolic	
1201	SDC4	OID20216	P31431	Cardiometabolic	
1202	SELE	OID20290	P16581	Cardiometabolic	
1203	SELP	OID20379	P16109	Cardiometabolic	
1204	SELPLG	OID20560	Q14242	Inflammation	
1205	SEMA3F	OID20186	Q13275	Cardiometabolic	
1206	SEMA4C	OID21329	Q9C0C4	Oncology	
1207	SEMA4D	OID21020	Q92854	Neurology	
1208	SEMA7A	OID20283	O75326	Cardiometabolic	
1209	SEPTIN9	OID21279	Q9UHD8	Oncology	
1210	SERPINA11	OID20281	Q86U17	Cardiometabolic	
1211	SERPINA12	OID20219	Q8IW75	Cardiometabolic	
1212	SERPINA9	OID21284	Q86WD7	Oncology	
1213	SERPINB1	OID21088	P30740	Neurology	
1214	SERPINB5	OID20064	P36952	Cardiometabolic	
1215	SERPINB6	OID21023	P35237	Neurology	
1216	SERPINB8	OID20630	P50452	Inflammation	
1217	SERPINB9	OID20932	P50453	Neurology	
1218	SERPINE1	OID20342	P05121	Cardiometabolic	
1219	SESTD1	OID20790	Q86VW0	Neurology	
1220	SETMAR	OID20948	Q53H47	Neurology	
1221	SEZ6L	OID21488	Q9BYH1	Oncology	
1222	SEZ6L2	OID21289	Q6UXD5	Oncology	
1223	SF3B4	OID21278	Q15427	Oncology	
1224	SFRP1	OID20984	Q8N474	Neurology	
1225	SFTPA1	OID21165	Q8IWL2	Oncology	
1226	SFTPA2	OID21218	Q8IWL1	Oncology	
1227	SFTPD	OID20214	P35247	Cardiometabolic	
1228	SH2B3	OID21222	Q9UQQ2	Oncology	
1229	SH2D1A	OID20514	O60880	Inflammation	
1230	SHMT1	OID20714	P34896	Inflammation	
1231	SIAE	OID21503	Q9HAT2	Oncology	
1232	SIGLEC1	OID20690	Q9BZZ2	Inflammation	
1233	SIGLEC10	OID20537	Q96LC7	Inflammation	
1234	SIGLEC15	OID20812	Q6ZMC9	Neurology	
1235	SIGLEC5	OID21082	O15389	Neurology	
1236	SIGLEC6	OID21394	O43699	Oncology	
1237	SIGLEC7	OID20190	Q9Y286	Cardiometabolic	
1238	SIGLEC9	OID21390	Q9Y336	Oncology	
1239	SIRPA	OID20304	P78324	Cardiometabolic	
1240	SIRPB1	OID20739	O00241	Inflammation	
1241	SIRT2	OID21375	Q8IXJ6	Oncology	
1242	SIRT5	OID20820	Q9NXA8	Neurology	
1243	SIT1				SIT1
1244	SKAP1	OID20906	Q86WV1	Neurology	
1245	SKAP2	OID20761	O75563	Inflammation	
1246	SLAMF1	OID20496	Q13291	Inflammation	
1247	SLAMF6	OID21254	Q96DU3	Oncology	
1248	SLAMF7	OID20602	Q9NQ25	Inflammation	
1249	SLAMF8	OID21214	Q9P0V8	Oncology	
1250	SLC16A1	OID20799	P53985	Neurology	
1251	SLC27A4	OID20814	Q6P1M0	Neurology	
1252	SLC39A14	OID20852	Q15043	Neurology	
1253	SLC39A5	OID20539	Q6ZMH5	Inflammation	
1254	SLIT2	OID20862	O94813	Neurology	
1255	SLITRK2	OID21409	Q9H156	Oncology	
1256	SLITRK6	OID20094	Q9H5Y7	Cardiometabolic	
1257	SMAD1	OID21180	Q15797	Oncology	
1258	SMAD5	OID21353	Q99717	Oncology	
1259	SMARCA2	OID20796	P51531	Neurology	
1260	SMOC1	OID21461	Q9H4F8	Oncology	
1261	SMOC2	OID20730	Q9H3U7	Inflammation	
1262	SMPD1	OID21028	P17405	Neurology	
1263	SMPDL3A	OID20676	Q92484	Inflammation	
1264	SNAP23	OID20218	O00161	Cardiometabolic	
1265	SNAP29	OID21506	O95721	Oncology	
1266	SNCG	OID20971	O76070	Neurology	
1267	SNX9	OID20135	Q9Y5X1	Cardiometabolic	
1268	SOD1	OID20386	P00441	Cardiometabolic	
1269	SOD2	OID21114	P04179	Neurology	
1270	SORCS2	OID21262	Q96PQ0	Oncology	
1271	SORD	OID21453	Q00796	Oncology	
1272	SORT1	OID20213	Q99523	Cardiometabolic	
1273	SOST	OID20204	Q9BQB4	Cardiometabolic	
1274	SPARC	OID21511	P09486	Oncology	
1275	SPARCL1	OID20361	Q14515	Cardiometabolic	
1276	SPINK1	OID21097	P00995	Neurology	
1277	SPINK4	OID20509	O60575	Inflammation	
1278	SPINK5	OID21148	Q9NQ38	Neurology	
1279	SPINK6	OID21450	Q6UWN8	Oncology	
1280	SPINT1	OID21109	O43278	Neurology	
1281	SPINT2	OID20720	O43291	Inflammation	
1282	SPOCK1	OID20924	Q08629	Neurology	
1283	SPON1	OID20759	Q9HCB6	Inflammation	
1284	SPON2	OID20221	Q9BUD6	Cardiometabolic	
1285	SPP1	OID20322	P10451	Cardiometabolic	
1286	SPRY2	OID20475	O43597	Inflammation	
1287	SRC	OID21521	P12931	Oncology	
1288	SRP14	OID21324	P37108	Oncology	
1289	SRPK2	OID20502	P78362	Inflammation	
1290	SSB	OID20818	P05455	Neurology	
1291	SSC4D	OID20182	Q8WTU2	Cardiometabolic	
1292	SSC5D	OID20351	A1L4H1	Cardiometabolic	
1293	ST3GAL1	OID21322	Q11201	Oncology	
1294	ST6GAL1	OID20302	P15907	Cardiometabolic	
1295	STAMBP	OID20955	O95630	Neurology	
1296	STAT5B	OID21277	P51692	Oncology	
1297	STC1	OID21014	P52823	Neurology	
1298	STC2	OID21157	O76061	Neurology	
1299	STIP1	OID21077	P31948	Neurology	
1300	STK11	OID20077	Q15831	Cardiometabolic	
1301	STK24	OID20837	Q9Y6E0	Neurology	
1302	STK4	OID20140	Q13043	Cardiometabolic	
1303	STX16	OID21170	O14662	Oncology	
1304	STX4	OID21326	Q12846	Oncology	
1305	STX6	OID21219	O43752	Oncology	
1306	STX8	OID20531	Q9UNK0	Inflammation	
1307	STXBP3	OID21240	O00186	Oncology	
1308	SUGT1	OID21229	Q9Y2Z0	Oncology	
1309	SULT1A1	OID21031	P50225	Neurology	
1310	SULT2A1	OID20508	Q06520	Inflammation	
1311	SUMF2	OID21032	Q8NBJ7	Neurology	
1312	SUSD1	OID20072	Q6UWL2	Cardiometabolic	
1313	SUSD2	OID21098	Q9UGT4	Neurology	
1314	TACC3	OID21285	Q9Y6A5	Oncology	
1315	TACSTD2	OID21447	P09758	Oncology	
1316	TAFA5	OID21321	Q7Z5A7	Oncology	
1317	TANK	OID20474	Q92844	Inflammation	
1318	TARBP2	OID20870	Q15633	Neurology	
1319	TBC1D17	OID20844	Q9HA65	Neurology	
1320	TBC1D23	OID21286	Q9NUY8	Oncology	
1321	TBC1D5	OID20521	Q92609	Inflammation	
1322	TBCB	OID20993	Q99426	Neurology	
1323	TBCC	OID20942	Q15814	Neurology	
1324	TBL1X	OID21220	O60907	Oncology	
1325	TCL1A	OID20987	P56279	Neurology	
1326	TCL1B	OID20058	O95988	Cardiometabolic	
1327	TCN2	OID20341	P20062	Cardiometabolic	
1328	TDGF1	OID20816	P13385	Neurology	
1329	TDRKH	OID20875	Q9Y2W6	Neurology	
1330	TEK	OID21496	Q02763	Oncology	
1331	TFF1	OID21154	P04155	Neurology	
1332	TFF2	OID20787	Q03403	Inflammation	
1333	TFF3	OID20371	Q07654	Cardiometabolic	
1334	TFPI	OID20388	P10646	Cardiometabolic	
1335	TFPI2	OID21512	P48307	Oncology	
1336	TFRC	OID20369	P02786	Cardiometabolic	
1337	TGFA	OID20600	P01135	Inflammation	
1338	TGFB1	OID20621	P01137	Inflammation	
1339	TGFBI	OID20417	Q15582	Cardiometabolic	
1340	TGFBR2	OID21493	P37173	Oncology	
1341	TGFBR3	OID20255	Q03167	Cardiometabolic	
1342	TGM2	OID20141	P21980	Cardiometabolic	
1343	THBD	OID20231	P07204	Cardiometabolic	
1344	THBS2	OID21104	P35442	Neurology	
1345	THBS4	OID20368	P35443	Cardiometabolic	
1346	THOP1	OID20194	P52888	Cardiometabolic	
1347	THPO	OID20098	P40225	Cardiometabolic	
1348	THY1	OID21050	P04216	Neurology	
1349	TIA1	OID20068	P31483	Cardiometabolic	
1350	TIE1	OID20303	P35590	Cardiometabolic	
1351	TIGAR	OID20894	Q9NQ88	Neurology	
1352	TIMD4	OID20375	Q96H15	Cardiometabolic	
1353	TIMP1	OID20418	P01033	Cardiometabolic	
1354	TIMP3	OID20684	P35625	Inflammation	
1355	TIMP4	OID21147	Q99727	Neurology	
1356	TINAGL1	OID20180	Q9GZM7	Cardiometabolic	
1357	TJAP1	OID21477	Q5JTD0	Oncology	
1358	TLR3	OID20612	O15455	Inflammation	
1359	TMPRSS15	OID21364	P98073	Oncology	
1360	TMPRSS5	OID20947	Q9H3S3	Neurology	
1361	TMSB10	OID21118	P63313	Neurology	
1362	TNC	OID20359	P24821	Cardiometabolic	
1363	TNF	OID20074	P01375	Cardiometabolic	
1364	TNFAIP8	OID20433	O95379	Inflammation	
1365	TNFRSF10A	OID20967	O00220	Neurology	
1366	TNFRSF10B	OID20981	O14763	Neurology	
1367	TNFRSF10C	OID20265	O14798	Cardiometabolic	
1368	TNFRSF11A	OID20646	Q9Y6Q6	Inflammation	
1369	TNFRSF11B	OID20735	O00300	Inflammation	
1370	TNFRSF12A	OID21482	Q9NP84	Oncology	
1371	TNFRSF13B	OID20702	O14836	Inflammation	
1372	TNFRSF13C	OID20480	Q96RJ3	Inflammation	
1373	TNFRSF14	OID20783	Q92956	Inflammation	
1374	TNFRSF19	OID21446	Q9NS68	Oncology	
1375	TNFRSF1A	OID21155	P19438	Neurology	
1376	TNFRSF1B	OID21145	P20333	Neurology	
1377	TNFRSF21	OID21052	O75509	Neurology	
1378	TNFRSF4	OID20653	P43489	Inflammation	
1379	TNFRSF6B	OID20964	O95407	Neurology	
1380	TNFRSF8	OID21049	P28908	Neurology	
1381	TNFRSF9	OID20985	Q07011	Neurology	
1382	TNFSF10	OID20611	P50591	Inflammation	
1383	TNFSF11	OID20592	O14788	Inflammation	
1384	TNFSF12	OID20624	O43508	Inflammation	
1385	TNFSF13	OID20733	O75888	Inflammation	
1386	TNFSF13B	OID20272	Q9Y275	Cardiometabolic	
1387	TNFSF14	OID20953	O43557	Neurology	
1388	TNNI3	OID20050	P19429	Cardiometabolic	
1389	TNR	OID20957	Q92752	Neurology	
1390	TNXB	OID21107	P22105	Neurology	
1391	TP53	OID21232	P04637	Oncology	
1392	TP53INP1	OID20120	Q96A56	Cardiometabolic	
1393	TPMT	OID21270	P51580	Oncology	
1394	TPP1	OID20750	O14773	Inflammation	
1395	TPPP3	OID20842	Q9BW30	Neurology	
1396	TPSAB1	OID20642	Q15661	Inflammation	
1397	TPT1	OID20476	P13693	Inflammation	
1398	TRAF2	OID20507	Q12933	Inflammation	
1399	TREM2	OID20731	Q9NZC2	Inflammation	
1400	TREML2	OID21120	Q5T2D2	Neurology	
1401	TRIAP1	OID21403	O43715	Oncology	
1402	TRIM21	OID20533	P19474	Inflammation	
1403	TRIM5	OID20526	Q9C035	Inflammation	
1404	TSHB	OID20129	P01222	Cardiometabolic	
1405	TSLP	OID20056	Q969D9	Cardiometabolic	
1406	TSPAN1	OID20078	O60635	Cardiometabolic	
1407	TST	OID20868	Q16762	Neurology	
1408	TXLNA	OID20952	P40222	Neurology	
1409	TXNDC15	OID21495	Q96J42	Oncology	
1410	TXNDC5	OID21012	Q8NBS9	Neurology	
1411	TXNRD1	OID21135	Q16881	Neurology	
1412	TYMP	OID20234	P19971	Cardiometabolic	
1413	TYRO3	OID20161	Q06418	Cardiometabolic	
1414	UBAC1	OID21336	Q9BSL1	Oncology	
1415	ULBP2	OID20919	Q9BZM5	Neurology	
1416	UMOD	OID20237	P07911	Cardiometabolic	
1417	USO1	OID21367	O60763	Oncology	
1418	USP8	OID20110	P40818	Cardiometabolic	
1419	UXS1	OID21189	Q8NBZ7	Oncology	
1420	VAMP5	OID20071	O95183	Cardiometabolic	
1421	VASH1	OID20516	Q7L8A9	Inflammation	
1422	VASN	OID20345	Q6EMK4	Cardiometabolic	
1423	VAT1	OID21382	Q99536	Oncology	
1424	VCAM1	OID20396	P19320	Cardiometabolic	
1425	VCAN	OID21026	P13611	Neurology	
1426	VEGFA	OID20650	P15692	Inflammation	
1427	VEGFC	OID21524	P49767	Oncology	
1428	VEGFD	OID20662	O43915	Inflammation	
1429	VIM	OID20053	P08670	Cardiometabolic	
1430	VMO1	OID21381	Q7Z5L0	Oncology	
1431	VNN2				VNN2
1432	VPS37A	OID21355	Q8NEZ2	Oncology	
1433	VPS53	OID21281	Q5VIR6	Oncology	
1434	VSIG4	OID21144	Q9Y279	Neurology	
1435	VSIR	OID20131	Q9H7M9	Cardiometabolic	
1436	VSTM1	OID20851	Q6UX27	Neurology	
1437	VSTM2L	OID20067	Q96N03	Cardiometabolic	
1438	VTA1	OID21016	Q9NP79	Neurology	
1439	VTCN1	OID21164	Q7Z7D3	Oncology	
1440	VWA1	OID21421	Q6PCB0	Oncology	
1441	VWC2	OID20936	Q2TAL6	Neurology	
1442	VWF	OID20256	P04275	Cardiometabolic	
1443	WARS	OID21084	P23381	Neurology	
1444	WAS	OID20479	P42768	Inflammation	
1445	WASF1	OID20091	Q92558	Cardiometabolic	
1446	WASF3	OID20882	Q9UPY6	Neurology	
1447	WFDC12	OID21462	Q8WWY7	Oncology	
1448	WFDC2	OID21505	Q14508	Oncology	
1449	WFIKKN1	OID20939	Q96NZ8	Neurology	
1450	WFIKKN2	OID20785	Q8TEU8	Inflammation	
1451	WIF1	OID21464	Q9Y5W5	Oncology	
1452	WISP1	OID21444	O95388	Oncology	
1453	WISP2	OID21068	O76076	Neurology	
1454	WNT9A	OID20460	O14904	Inflammation	
1455	WWP2	OID20926	O00308	Neurology	
1456	XCL1	OID21398	P47992	Oncology	
1457	XG	OID20259	P55808	Cardiometabolic	
1458	XPNPEP2	OID21508	O43895	Oncology	
1459	XRCC4	OID20869	Q13426	Neurology	
1460	YES1	OID21348	P07947	Oncology	
1461	YTHDF3	OID20478	Q7Z739	Inflammation	
1462	ZBTB16	OID21205	Q05516	Oncology	
1463	ZBTB17	OID20082	Q13105	Cardiometabolic	